patientunitstayid,actualicumortality,actualiculos
224053,ALIVE,2.0486
224053,ALIVE,2.0486
349887,EXPIRED,8.2187
349887,EXPIRED,8.2187
552515,ALIVE,1.4958
552515,ALIVE,1.4958
702695,ALIVE,0.8243
702695,ALIVE,0.8243
935285,EXPIRED,1.4916
935285,EXPIRED,1.4916
976513,ALIVE,1.5263
976513,ALIVE,1.5263
1555349,EXPIRED,44.0902
1555349,EXPIRED,44.0902
1591672,EXPIRED,1.1395
1591672,EXPIRED,1.1395
1730330,EXPIRED,0.5625
1730330,EXPIRED,0.5625
2834225,ALIVE,9.727
2834225,ALIVE,9.727
