patientunitstayid,age,gender,admissionheight,admissionweight
224053,86,Female,157.5,59.5
349887,58,Male,165.0,75.3
552515,76,Female,167.6,127.0
702695,26,Female,154.0,73.0
935285,80,Female,152.0,70.0
976513,30,Male,177.8,65.91
1555349,62,Male,170.2,55.61
1591672,86,Female,170.1,42.6
1730330,43,Female,139.7,43.9
2834225,57,Female,165.0,95.0
